"日期","收盘","开盘","高","低","交易量","涨跌幅"
"2023-4-28","132.44","135.00","135.82","131.68","634.29K","-1.69%"
"2023-4-27","134.71","132.38","134.93","131.27","372.52K","1.31%"
"2023-4-26","132.97","134.88","135.24","132.08","463.99K","-0.81%"
"2023-4-25","134.05","131.11","134.31","131.11","430.37K","1.45%"
"2023-4-24","132.14","130.18","132.43","129.40","437.14K","1.64%"
"2023-4-21","130.01","129.41","130.79","128.10","713.22K","-0.60%"
"2023-4-20","130.80","138.88","138.88","130.12","981.94K","-5.07%"
"2023-4-19","137.78","137.20","139.56","136.81","403.17K","-1.21%"
"2023-4-18","139.47","139.66","141.29","138.40","319.30K","0.40%"
"2023-4-17","138.91","140.72","140.72","137.58","371.67K","-1.74%"
"2023-4-14","141.37","142.18","143.98","139.11","508.93K","-1.74%"
"2023-4-13","143.88","142.11","144.96","141.46","616.58K","2.58%"
"2023-4-12","140.25","140.79","141.63","138.60","384.61K","1.31%"
"2023-4-11","138.43","137.83","140.47","137.24","428.32K","1.18%"
"2023-4-10","136.81","136.53","137.29","135.71","386.01K","-0.80%"
"2023-4-6","137.92","135.79","138.04","134.52","395.98K","1.11%"
"2023-4-5","136.40","137.01","137.54","134.39","823.64K","0.26%"
"2023-4-4","136.04","131.20","136.66","130.37","840.46K","3.37%"
"2023-4-3","131.61","129.71","132.40","128.86","499.82K","1.46%"
"2023-3-31","129.71","129.45","129.84","127.98","424.72K","0.23%"
"2023-3-30","129.41","128.82","129.65","127.44","342.42K","1.24%"
"2023-3-29","127.82","125.60","127.99","125.42","348.20K","0.79%"
"2023-3-28","126.82","126.17","127.29","123.98","548.72K","0.67%"
"2023-3-27","125.98","123.66","126.65","123.19","344.95K","-0.36%"
"2023-3-24","126.44","125.82","128.09","124.62","418.29K","1.33%"
"2023-3-23","124.78","122.63","126.42","121.68","377.06K","2.25%"
"2023-3-22","122.04","121.76","124.41","121.18","419.48K","0.12%"
"2023-3-21","121.89","124.22","124.77","120.57","557.39K","-3.22%"
"2023-3-20","125.94","126.18","127.00","123.62","576.88K","0.39%"
"2023-3-17","125.45","121.70","126.14","121.10","1.39M","4.49%"
"2023-3-16","120.06","121.10","121.10","117.54","439.00K","-0.41%"
"2023-3-15","120.56","121.45","122.68","119.16","652.28K","0.57%"
"2023-3-14","119.88","118.69","120.03","117.48","562.89K","1.37%"
"2023-3-13","118.26","117.10","120.04","116.50","779.21K","4.25%"
"2023-3-10","113.44","114.22","116.43","113.30","643.71K","0.47%"
"2023-3-9","112.91","113.17","114.50","112.43","395.04K","0.83%"
"2023-3-8","111.98","113.19","113.96","111.53","419.37K","-0.81%"
"2023-3-7","112.90","116.02","116.74","111.65","558.27K","-3.88%"
"2023-3-6","117.46","119.76","120.00","116.27","752.23K","-2.50%"
"2023-3-3","120.47","122.15","122.36","120.13","544.80K","-0.19%"
"2023-3-2","120.70","119.40","120.73","119.08","321.08K","-0.08%"
"2023-3-1","120.80","120.46","121.77","119.40","295.48K","1.69%"
"2023-2-28","118.79","118.25","120.46","117.67","476.67K","0.46%"
"2023-2-27","118.25","117.19","118.49","116.93","323.88K","1.47%"
"2023-2-24","116.54","116.10","117.06","115.61","468.99K","-0.87%"
"2023-2-23","117.56","119.30","119.65","117.21","416.62K","-1.52%"
"2023-2-22","119.37","121.00","121.00","118.11","441.06K","-1.70%"
"2023-2-21","121.44","121.51","122.79","120.53","357.76K","-0.41%"
"2023-2-17","121.94","121.55","122.76","119.77","343.65K","-0.67%"
"2023-2-16","122.76","122.26","124.18","121.45","546.72K","-0.37%"
"2023-2-15","123.22","122.99","123.95","122.71","389.15K","-2.14%"
"2023-2-14","125.91","123.63","126.30","122.13","462.94K","1.52%"
"2023-2-13","124.03","122.95","124.58","122.02","340.98K","0.21%"
"2023-2-10","123.77","123.20","124.37","122.10","438.63K","0.34%"
"2023-2-9","123.35","126.97","126.97","123.19","309.74K","-2.24%"
"2023-2-8","126.17","126.43","127.55","125.23","377.36K","0.06%"
"2023-2-7","126.10","125.88","127.15","124.30","642.33K","0.53%"
"2023-2-6","125.44","123.42","126.00","122.72","684.41K","0.76%"
"2023-2-3","124.49","125.32","126.32","122.88","468.53K","-2.67%"
"2023-2-2","127.91","130.76","131.25","126.25","402.35K","-2.04%"
"2023-2-1","130.57","126.50","131.43","126.39","453.24K","2.79%"
"2023-1-31","127.03","126.89","127.65","125.62","1.09M","-0.64%"
"2023-1-30","127.85","127.94","128.84","127.52","349.74K","-0.24%"
"2023-1-27","128.16","129.20","129.23","127.61","238.70K","-1.20%"
"2023-1-26","129.72","131.23","131.60","128.13","391.71K","-1.30%"
"2023-1-25","131.43","127.50","131.89","127.50","459.54K","2.43%"
"2023-1-24","128.31","125.04","128.60","125.04","305.78K","1.56%"
"2023-1-23","126.34","125.21","126.62","124.20","306.47K","0.21%"
"2023-1-20","126.07","123.97","126.28","123.61","263.98K","0.77%"
"2023-1-19","125.11","123.14","125.73","122.43","396.67K","2.06%"
"2023-1-18","122.59","125.26","126.43","122.44","301.23K","-1.03%"
"2023-1-17","123.86","127.92","127.94","123.63","635.47K","-3.72%"
"2023-1-13","128.65","127.04","129.22","127.01","436.90K","1.47%"
"2023-1-12","126.78","126.00","127.84","124.26","338.14K","1.89%"
"2023-1-11","124.43","124.89","125.12","122.51","399.41K","-0.24%"
"2023-1-10","124.73","122.40","124.77","121.76","397.42K","1.90%"
"2023-1-9","122.41","125.79","125.80","122.21","543.05K","-1.91%"
"2023-1-6","124.79","123.02","126.48","122.30","623.90K","3.53%"
"2023-1-5","120.53","117.42","120.62","116.76","358.21K","1.10%"
"2023-1-4","119.22","118.77","120.97","118.77","681.98K","2.05%"
"2023-1-3","116.83","114.29","116.98","114.29","583.89K","3.65%"
"2022-12-30","112.72","112.65","112.95","111.50","302.86K","0.42%"
"2022-12-29","112.25","112.87","113.41","111.98","368.37K","0.67%"
"2022-12-28","111.50","113.53","114.06","111.21","321.83K","-2.54%"
"2022-12-27","114.41","113.34","115.89","113.00","339.94K","1.39%"
"2022-12-23","112.84","112.49","113.70","110.91","340.56K","0.94%"
"2022-12-22","111.79","111.15","111.85","109.73","443.70K","-0.17%"
"2022-12-21","111.98","111.09","112.70","110.66","470.90K","1.44%"
"2022-12-20","110.39","109.00","111.76","108.65","529.14K","3.62%"
"2022-12-19","106.53","107.93","108.28","105.78","422.60K","-0.81%"
"2022-12-16","107.39","106.44","108.28","106.35","1.81M","0.42%"
"2022-12-15","106.94","108.84","109.73","106.58","526.86K","-4.14%"
"2022-12-14","111.56","112.27","113.15","110.32","548.31K","-0.78%"
"2022-12-13","112.44","112.78","113.73","110.68","520.64K","3.17%"
"2022-12-12","108.99","109.18","109.63","106.75","561.05K","-1.41%"
"2022-12-9","110.55","112.80","113.63","110.40","328.69K","-1.29%"
"2022-12-8","111.99","112.53","113.13","111.35","311.41K","0.35%"
"2022-12-7","111.60","112.05","113.13","110.66","341.72K","0.84%"
"2022-12-6","110.67","111.86","112.49","110.23","388.39K","0.18%"
"2022-12-5","110.47","112.64","112.64","110.04","356.34K","-2.85%"
"2022-12-2","113.71","112.07","114.63","111.81","381.54K","-0.25%"
"2022-12-1","114.00","114.61","116.04","112.54","603.92K","1.49%"
"2022-11-30","112.33","109.90","112.74","108.44","660.31K","3.31%"
"2022-11-29","108.73","106.67","109.04","106.50","933.29K","3.35%"
"2022-11-28","105.21","108.01","108.34","105.08","275.97K","-3.05%"
"2022-11-25","108.52","109.34","109.70","107.92","136.07K","-1.44%"
"2022-11-23","110.10","108.96","110.71","107.66","284.09K","0.57%"
"2022-11-22","109.48","105.91","110.12","105.84","408.14K","4.28%"
"2022-11-21","104.99","104.34","105.11","103.63","217.14K","0.57%"
"2022-11-18","104.40","101.64","104.47","101.64","221.39K","1.41%"
"2022-11-17","102.95","103.29","104.16","101.93","279.03K","-2.61%"
"2022-11-16","105.71","105.65","106.73","104.93","276.65K","0.06%"
"2022-11-15","105.65","107.56","107.99","104.61","347.83K","-0.78%"
"2022-11-14","106.48","104.76","106.80","103.02","377.04K","1.31%"
"2022-11-11","105.10","105.53","106.33","103.07","317.92K","0.07%"
"2022-11-10","105.03","104.59","106.64","104.40","535.16K","4.33%"
"2022-11-9","100.67","101.00","102.26","99.83","493.88K","-0.75%"
"2022-11-8","101.43","95.88","102.42","95.65","556.28K","5.81%"
"2022-11-7","95.86","95.69","97.27","95.37","495.29K","0.19%"
"2022-11-4","95.68","90.40","96.02","90.40","869.10K","9.26%"
"2022-11-3","87.57","89.65","89.81","86.75","967.48K","-4.89%"
"2022-11-2","92.07","97.85","98.15","91.93","651.33K","-5.21%"
"2022-11-1","97.13","96.81","97.44","95.64","479.96K","2.29%"
"2022-10-31","94.96","95.77","96.49","94.46","600.70K","-1.75%"
"2022-10-28","96.65","96.00","96.75","95.24","245.33K","-0.42%"
"2022-10-27","97.06","98.49","98.89","96.95","304.62K","-1.41%"
"2022-10-26","98.45","97.26","99.92","97.03","406.19K","2.17%"
"2022-10-25","96.36","94.85","96.43","94.62","294.47K","2.04%"
"2022-10-24","94.43","94.26","94.91","93.22","293.98K","-0.91%"
"2022-10-21","95.30","92.48","95.94","91.57","483.49K","4.06%"
"2022-10-20","91.58","91.13","93.29","90.45","342.22K","0.86%"
"2022-10-19","90.80","91.17","91.71","90.00","482.78K","-2.87%"
"2022-10-18","93.48","92.87","93.58","92.25","407.91K","1.97%"
"2022-10-17","91.67","91.48","93.76","91.27","471.91K","2.39%"
"2022-10-14","89.53","91.85","91.89","89.07","382.45K","-3.30%"
"2022-10-13","92.59","91.11","93.62","87.68","503.83K","-1.83%"
"2022-10-12","94.32","94.82","96.00","93.42","316.51K","-0.50%"
"2022-10-11","94.79","93.79","96.78","93.11","462.54K","1.07%"
"2022-10-10","93.79","93.25","95.21","92.56","333.95K","-0.10%"
"2022-10-7","93.88","97.99","98.33","93.71","579.04K","-5.58%"
"2022-10-6","99.43","96.76","99.66","96.76","435.72K","1.99%"
"2022-10-5","97.49","97.19","97.73","95.69","328.14K","-1.63%"
"2022-10-4","99.11","97.88","99.77","97.59","419.78K","2.75%"
"2022-10-3","96.46","95.31","97.94","94.20","645.20K","2.81%"
"2022-9-30","93.82","92.40","95.30","92.29","545.60K","0.97%"
"2022-9-29","92.92","92.30","93.79","91.66","592.37K","0.09%"
"2022-9-28","92.84","88.20","93.00","88.20","682.46K","7.13%"
"2022-9-27","86.66","87.56","88.29","86.15","412.67K","0.23%"
"2022-9-26","86.46","87.45","88.43","84.54","529.31K","-1.97%"
"2022-9-23","88.20","89.87","89.95","87.06","512.44K","-4.01%"
"2022-9-22","91.88","92.94","93.77","91.22","310.50K","-0.54%"
"2022-9-21","92.38","93.43","94.61","91.73","393.62K","-0.28%"
"2022-9-20","92.64","92.41","93.30","91.15","367.44K","-1.15%"
"2022-9-19","93.72","92.20","94.18","91.80","397.63K","0.49%"
"2022-9-16","93.26","91.34","94.72","90.37","891.54K","1.69%"
"2022-9-15","91.71","92.89","93.56","90.69","643.88K","-2.01%"
"2022-9-14","93.59","93.57","94.88","92.99","382.04K","0.24%"
"2022-9-13","93.37","93.29","95.22","93.00","495.90K","-2.88%"
"2022-9-12","96.14","97.14","97.25","95.56","445.54K","0.09%"
"2022-9-9","96.05","95.34","96.46","94.77","330.53K","1.70%"
"2022-9-8","94.44","93.73","95.19","93.18","429.39K","0.19%"
"2022-9-7","94.26","91.26","95.04","91.15","449.27K","3.04%"
"2022-9-6","91.48","91.35","91.95","90.51","578.76K","1.14%"
"2022-9-2","90.45","90.38","92.11","89.28","588.74K","1.58%"
"2022-9-1","89.04","90.52","91.70","88.64","576.33K","-3.11%"
"2022-8-31","91.90","93.62","94.21","91.81","774.26K","-2.21%"
"2022-8-30","93.98","95.00","95.02","93.62","507.71K","-1.35%"
"2022-8-29","95.27","96.18","96.86","95.12","281.49K","-1.03%"
"2022-8-26","96.26","99.58","99.71","95.62","342.98K","-3.30%"
"2022-8-25","99.55","100.44","100.66","98.79","339.89K","-0.49%"
"2022-8-24","100.04","98.54","100.57","97.77","300.18K","1.19%"
"2022-8-23","98.86","97.25","99.54","97.25","546.92K","1.67%"
"2022-8-22","97.24","96.30","98.30","96.30","360.46K","0.04%"
"2022-8-19","97.20","99.97","99.97","96.93","535.61K","-2.95%"
"2022-8-18","100.15","100.00","101.10","99.78","591.25K","0.26%"
"2022-8-17","99.89","101.37","101.37","99.18","717.62K","-1.75%"
"2022-8-16","101.67","100.89","101.81","99.24","394.46K","0.80%"
"2022-8-15","100.86","100.58","101.49","99.62","506.85K","-1.94%"
"2022-8-12","102.86","102.15","103.25","101.92","462.15K","1.39%"
"2022-8-11","101.45","104.16","104.20","101.15","611.84K","-2.53%"
"2022-8-10","104.08","104.85","105.28","103.42","512.12K","-0.04%"
"2022-8-9","104.12","105.40","105.74","103.12","533.44K","-0.57%"
"2022-8-8","104.72","104.17","105.50","103.08","609.35K","2.00%"
"2022-8-5","102.67","100.93","102.71","98.49","716.18K","-0.02%"
"2022-8-4","102.69","103.83","103.83","98.22","1.00M","0.96%"
"2022-8-3","101.71","103.92","103.94","101.21","577.88K","-2.51%"
"2022-8-2","104.33","105.50","106.04","103.39","703.63K","-1.19%"
"2022-8-1","105.59","105.10","105.66","103.13","429.63K","0.78%"
"2022-7-29","104.77","105.49","105.49","102.50","951.62K","0.26%"
"2022-7-28","104.50","105.50","107.12","103.78","455.90K","0.74%"
"2022-7-27","103.73","102.96","104.46","101.27","416.38K","0.75%"
"2022-7-26","102.96","100.97","103.30","100.97","438.35K","2.45%"
"2022-7-25","100.50","102.30","102.69","99.57","471.61K","-1.77%"
"2022-7-22","102.31","103.90","105.40","101.81","376.07K","-0.42%"
"2022-7-21","102.74","100.53","104.09","100.14","544.73K","3.02%"
"2022-7-20","99.73","103.10","103.67","99.54","601.38K","-3.25%"
"2022-7-19","103.08","102.50","103.90","102.21","414.10K","0.61%"
"2022-7-18","102.46","104.11","105.28","102.40","411.72K","-0.91%"
"2022-7-15","103.40","104.50","104.50","102.35","435.15K","-0.35%"
"2022-7-14","103.76","103.39","104.39","101.10","476.02K","-2.67%"
"2022-7-13","106.61","104.34","108.93","104.34","462.75K","1.29%"
"2022-7-12","105.25","108.90","109.13","104.57","701.57K","-3.18%"
"2022-7-11","108.71","107.38","109.57","106.79","455.66K","0.85%"
"2022-7-8","107.79","108.25","109.70","106.99","488.30K","-0.23%"
"2022-7-7","108.04","106.91","108.94","106.50","348.70K","1.29%"
"2022-7-6","106.66","107.98","108.06","103.77","501.90K","-0.97%"
"2022-7-5","107.70","110.00","110.14","104.78","620.29K","-2.31%"
"2022-7-1","110.25","105.79","110.73","105.28","373.11K","3.25%"
"2022-6-30","106.78","109.64","109.92","106.31","367.62K","-2.72%"
"2022-6-29","109.76","111.33","111.77","108.88","396.41K","-0.48%"
"2022-6-28","110.29","110.66","110.98","109.55","468.04K","0.13%"
"2022-6-27","110.15","109.84","110.54","108.19","433.20K","0.43%"
"2022-6-24","109.68","107.44","109.85","106.17","771.38K","2.24%"
"2022-6-23","107.28","108.97","110.50","106.52","403.87K","-1.76%"
"2022-6-22","109.20","109.47","111.54","108.69","318.25K","-0.45%"
"2022-6-21","109.69","108.42","111.24","108.33","396.40K","0.70%"
"2022-6-17","108.93","109.20","110.05","108.12","1.30M","-0.24%"
"2022-6-16","109.19","106.28","109.77","105.43","692.46K","1.98%"
"2022-6-15","107.07","107.99","109.30","103.58","947.18K","1.17%"
"2022-6-14","105.83","108.38","109.00","105.40","857.33K","-2.94%"
"2022-6-13","109.04","113.00","113.60","108.15","705.24K","-5.05%"
"2022-6-10","114.84","110.08","115.72","108.89","593.89K","3.44%"
"2022-6-9","111.02","114.55","114.94","110.92","644.55K","-3.61%"
"2022-6-8","115.18","116.00","116.14","114.62","602.01K","-1.12%"
"2022-6-7","116.48","114.47","116.58","114.47","422.62K","1.43%"
"2022-6-6","114.84","116.71","117.26","114.00","481.22K","-1.05%"
"2022-6-3","116.06","117.00","118.33","115.36","463.29K","-2.14%"
"2022-6-2","118.60","115.62","118.73","115.62","483.98K","3.64%"
"2022-6-1","114.44","113.76","115.50","112.13","483.08K","1.20%"
"2022-5-31","113.08","115.81","116.73","112.61","615.64K","-1.95%"
"2022-5-27","115.33","116.23","116.97","114.68","513.88K","0.27%"
"2022-5-26","115.02","114.73","115.31","113.79","607.54K","0.17%"
"2022-5-25","114.83","113.79","115.44","113.25","404.58K","0.03%"
"2022-5-24","114.80","114.59","115.85","113.32","547.52K","0.82%"
"2022-5-23","113.87","116.42","117.31","113.59","506.73K","-0.47%"
"2022-5-20","114.41","115.39","115.43","112.10","572.01K","-1.30%"
"2022-5-19","115.92","113.72","116.77","113.72","549.85K","3.22%"
"2022-5-18","112.30","116.30","117.02","112.25","480.47K","-3.55%"
"2022-5-17","116.43","118.21","118.57","115.41","407.43K","-0.15%"
"2022-5-16","116.60","118.08","118.43","116.08","355.45K","-1.19%"
"2022-5-13","118.00","117.70","119.59","116.45","398.09K","0.10%"
"2022-5-12","117.88","120.62","121.92","116.25","661.53K","-3.51%"
"2022-5-11","122.17","122.96","125.08","121.66","462.15K","0.57%"
"2022-5-10","121.48","124.48","125.13","120.45","720.26K","-1.70%"
"2022-5-9","123.58","127.16","127.64","122.69","546.06K","-5.04%"
"2022-5-6","130.14","131.32","133.38","129.18","468.75K","-1.84%"
"2022-5-5","132.58","136.67","137.33","130.17","520.68K","-0.47%"
"2022-5-4","133.21","130.32","133.38","129.52","529.01K","1.52%"
"2022-5-3","131.22","130.38","133.00","130.38","374.80K","0.69%"
"2022-5-2","130.32","127.93","131.39","127.54","716.99K","-0.12%"
"2022-4-29","130.48","132.70","133.21","129.45","1.36M","-0.67%"
"2022-4-28","131.36","130.37","131.71","129.03","510.25K","0.81%"
"2022-4-27","130.31","132.00","132.92","130.05","479.45K","-0.90%"
"2022-4-26","131.50","135.99","135.99","131.34","603.19K","-2.56%"
"2022-4-25","134.96","133.72","136.17","130.70","870.50K","-1.70%"
"2022-4-22","137.29","137.93","139.53","135.53","552.57K","-1.96%"
"2022-4-21","140.04","143.45","143.45","138.34","480.07K","-2.91%"
"2022-4-20","144.23","142.10","144.46","141.50","323.32K","1.49%"
"2022-4-19","142.11","142.64","143.50","141.11","331.47K","-0.91%"
"2022-4-18","143.42","146.43","147.06","143.33","380.67K","-1.04%"
"2022-4-14","144.93","143.81","145.06","142.45","458.74K","0.21%"
"2022-4-13","144.62","144.47","145.68","143.36","503.87K","0.70%"
"2022-4-12","143.62","145.43","146.81","143.42","431.02K","-0.54%"
"2022-4-11","144.40","147.68","147.70","143.46","443.69K","-0.45%"
"2022-4-8","145.05","145.00","146.31","143.97","369.47K","0.57%"
"2022-4-7","144.23","143.40","144.81","143.08","391.99K","0.75%"
"2022-4-6","143.16","142.20","144.90","141.81","533.49K","0.84%"
"2022-4-5","141.97","144.20","146.33","140.78","683.31K","-2.04%"
"2022-4-4","144.92","146.33","147.52","143.18","376.73K","-0.96%"
"2022-4-1","146.33","140.13","146.62","140.13","527.09K","3.57%"
"2022-3-31","141.28","142.20","143.35","141.00","382.76K","-0.79%"
"2022-3-30","142.40","141.50","142.46","140.44","334.33K","0.99%"
"2022-3-29","141.00","136.80","141.19","135.25","458.60K","0.90%"
"2022-3-28","139.74","139.37","141.33","138.12","368.41K","-0.42%"
"2022-3-25","140.33","139.04","140.50","137.79","468.50K","0.04%"
"2022-3-24","140.28","141.50","142.67","139.01","467.05K","-0.36%"
"2022-3-23","140.79","138.27","141.51","137.51","401.97K","2.46%"
"2022-3-22","137.41","138.70","139.09","136.38","462.99K","-1.30%"
"2022-3-21","139.22","137.73","140.96","137.73","555.99K","1.50%"
"2022-3-18","137.16","136.48","137.49","134.25","1.61M","0.40%"
"2022-3-17","136.61","136.53","139.71","135.76","555.62K","1.23%"
"2022-3-16","134.95","135.96","137.36","133.04","622.70K","-0.88%"
"2022-3-15","136.15","130.68","137.20","130.53","562.98K","1.75%"
"2022-3-14","133.81","134.54","136.03","132.29","746.41K","-2.46%"
"2022-3-11","137.18","132.70","138.70","131.87","796.63K","0.72%"
"2022-3-10","136.20","131.95","137.15","131.50","983.75K","3.68%"
"2022-3-9","131.37","123.02","131.78","123.00","670.88K","0.67%"
"2022-3-8","130.49","130.69","134.00","129.07","925.71K","0.77%"
"2022-3-7","129.49","129.25","131.10","127.12","776.81K","0.73%"
"2022-3-4","128.55","127.72","129.37","127.25","573.83K","1.47%"
"2022-3-3","126.69","126.50","127.41","124.89","400.36K","0.44%"
"2022-3-2","126.13","124.20","126.67","123.53","568.97K","-0.62%"
"2022-3-1","126.92","121.58","128.17","121.58","847.42K","4.67%"
"2022-2-28","121.26","121.24","122.21","120.34","577.46K","0.63%"
"2022-2-25","120.50","115.57","120.66","114.86","445.33K","3.58%"
"2022-2-24","116.34","124.40","125.06","114.29","674.15K","-2.84%"
"2022-2-23","119.74","117.80","120.79","116.91","775.55K","1.00%"
"2022-2-22","118.55","122.06","123.16","118.53","863.14K","-1.26%"
"2022-2-18","120.06","119.54","120.46","117.44","808.45K","1.07%"
"2022-2-17","118.79","112.58","119.98","111.51","855.67K","7.58%"
"2022-2-16","110.42","110.00","111.29","109.60","518.05K","1.29%"
"2022-2-15","109.01","106.83","109.31","105.52","575.38K","-0.03%"
"2022-2-14","109.04","109.00","109.53","107.43","443.28K","0.74%"
"2022-2-11","108.24","101.77","108.72","101.63","567.40K","6.77%"
"2022-2-10","101.38","104.59","106.00","100.75","491.76K","-3.80%"
"2022-2-9","105.38","106.44","107.29","105.13","482.90K","-0.91%"
"2022-2-8","106.35","104.75","106.44","104.53","410.11K","1.80%"
"2022-2-7","104.47","103.00","105.04","101.78","351.38K","2.19%"
"2022-2-4","102.23","101.49","103.43","101.21","279.22K","0.42%"
"2022-2-3","101.80","103.47","103.63","101.66","315.80K","-2.05%"
"2022-2-2","103.93","103.45","104.96","102.15","513.27K","1.00%"
"2022-2-1","102.90","102.27","103.43","101.30","469.57K","1.33%"
"2022-1-31","101.55","99.65","102.20","98.66","2.22M","2.27%"
"2022-1-28","99.30","99.01","99.89","97.96","871.65K","-0.67%"
"2022-1-27","99.97","100.60","102.42","99.69","746.82K","-1.62%"
"2022-1-26","101.62","102.07","103.50","101.42","1.16M","-1.53%"
"2022-1-25","103.20","102.31","104.06","101.86","765.65K","0.68%"
"2022-1-24","102.50","101.76","102.92","100.35","813.43K","0.24%"
"2022-1-21","102.25","104.43","104.56","101.38","443.28K","-1.63%"
"2022-1-20","103.94","105.85","106.45","103.87","484.53K","-1.13%"
"2022-1-19","105.13","100.25","105.54","100.25","521.85K","5.71%"
"2022-1-18","99.45","99.54","100.01","98.14","398.14K","-0.08%"
"2022-1-14","99.53","101.25","101.37","98.71","274.31K","-1.63%"
"2022-1-13","101.18","102.43","102.73","100.92","269.99K","-1.16%"
"2022-1-12","102.37","102.32","103.07","101.00","427.08K","0.05%"
"2022-1-11","102.32","101.96","102.61","100.70","575.86K","0.35%"
"2022-1-10","101.96","99.29","102.78","98.92","761.53K","2.69%"
"2022-1-7","99.29","98.50","99.82","97.57","536.90K","0.75%"
"2022-1-6","98.55","99.98","100.39","97.98","480.10K","-3.02%"
"2022-1-5","101.62","103.35","104.60","101.40","450.71K","-0.96%"
"2022-1-4","102.61","104.00","104.69","102.30","482.47K","-0.93%"
"2022-1-3","103.57","103.67","104.80","103.07","293.29K","-1.56%"
"2021-12-31","105.21","104.98","105.59","104.57","141.22K","0.46%"
"2021-12-30","104.73","104.10","105.07","103.91","254.97K","0.48%"
"2021-12-29","104.23","103.60","104.56","103.20","290.62K","-0.20%"
"2021-12-28","104.44","104.50","105.39","104.07","290.43K","-0.18%"
"2021-12-27","104.63","103.60","104.75","102.75","315.73K","0.96%"
"2021-12-23","103.63","103.39","104.09","102.07","396.18K","0.23%"
"2021-12-22","103.39","103.88","103.99","101.88","539.44K","0.25%"
"2021-12-21","103.13","102.46","103.89","101.43","337.29K","0.81%"
"2021-12-20","102.30","101.30","102.64","99.52","489.65K","0.98%"
"2021-12-17","101.31","98.66","101.77","98.25","1.50M","3.37%"
"2021-12-16","98.01","97.60","98.69","97.13","498.17K","1.69%"
"2021-12-15","96.38","96.61","97.06","94.00","542.26K","0.27%"
"2021-12-14","96.12","97.03","98.90","95.94","485.30K","-2.03%"
"2021-12-13","98.11","98.15","99.06","97.60","520.60K","-0.04%"
"2021-12-10","98.15","99.70","99.93","98.04","508.58K","-1.30%"
"2021-12-9","99.44","100.31","100.48","98.35","413.07K","-1.76%"
"2021-12-8","101.22","100.65","101.48","99.60","373.30K","0.66%"
"2021-12-7","100.56","98.52","101.05","98.48","605.89K","2.54%"
"2021-12-6","98.07","98.50","99.95","97.48","523.99K","-0.60%"
"2021-12-3","98.66","99.37","100.20","97.95","494.81K","-0.24%"
"2021-12-2","98.90","97.50","99.51","96.64","514.90K","1.28%"
"2021-12-1","97.65","100.82","101.91","97.47","480.32K","-2.38%"
"2021-11-30","100.03","103.43","104.56","99.18","531.75K","-2.60%"
"2021-11-29","102.70","102.30","103.10","100.47","516.39K","0.37%"
"2021-11-26","102.32","102.86","102.86","100.89","249.85K","1.00%"
"2021-11-24","101.31","101.44","102.47","101.01","364.97K","-0.52%"
"2021-11-23","101.84","103.51","104.33","101.47","425.09K","-2.68%"
"2021-11-22","104.64","104.99","106.16","103.36","433.29K","-0.75%"
"2021-11-19","105.43","107.00","107.35","105.30","455.81K","-1.66%"
"2021-11-18","107.21","107.37","107.97","106.61","284.94K","-0.43%"
"2021-11-17","107.67","108.49","108.88","107.25","468.84K","0.47%"
"2021-11-16","107.17","107.00","107.56","106.75","408.19K","-0.16%"
"2021-11-15","107.34","106.60","108.18","106.04","522.46K","0.59%"
"2021-11-12","106.71","105.58","107.60","105.40","398.87K","0.42%"
"2021-11-11","106.26","106.10","106.74","105.02","509.56K","2.23%"
"2021-11-10","103.94","106.46","107.82","103.06","643.98K","-0.29%"
"2021-11-9","104.24","102.41","104.47","101.70","387.96K","2.16%"
"2021-11-8","102.04","104.66","104.68","100.62","1.18M","-2.97%"
"2021-11-5","105.16","104.05","106.16","103.67","650.94K","1.15%"
"2021-11-4","103.96","103.24","108.18","102.92","528.46K","1.35%"
"2021-11-3","102.58","100.60","103.42","100.39","377.14K","0.48%"
"2021-11-2","102.09","100.89","102.16","99.59","348.92K","0.62%"
"2021-11-1","101.46","98.84","101.94","98.53","340.63K","2.46%"
"2021-10-29","99.02","100.78","101.54","98.35","576.68K","-2.58%"
"2021-10-28","101.64","101.06","102.50","100.38","407.99K","0.33%"
"2021-10-27","101.31","100.84","101.67","100.23","304.37K","0.46%"
"2021-10-26","100.85","100.23","101.06","99.59","292.70K","0.36%"
"2021-10-25","100.49","100.21","102.08","99.70","411.42K","1.35%"
"2021-10-22","99.15","100.56","101.95","98.37","316.34K","0.25%"
"2021-10-21","98.90","98.76","99.13","97.80","239.67K","-0.30%"
"2021-10-20","99.20","99.15","99.88","98.11","239.84K","0.91%"
"2021-10-19","98.31","99.47","99.47","97.63","227.85K","0.06%"
"2021-10-18","98.25","98.40","99.23","97.55","236.84K","-0.72%"
"2021-10-15","98.96","98.50","99.70","97.23","325.50K","-0.78%"
"2021-10-14","99.74","98.29","99.84","97.50","358.45K","2.73%"
"2021-10-13","97.09","96.33","98.30","96.19","475.85K","1.34%"
"2021-10-12","95.81","93.24","96.13","92.01","667.61K","3.84%"
"2021-10-11","92.27","94.07","94.91","92.13","268.85K","-1.91%"
"2021-10-8","94.07","96.60","97.80","94.05","363.08K","-0.76%"
"2021-10-7","94.79","95.15","96.10","94.32","396.51K","-0.34%"
"2021-10-6","95.11","93.81","95.21","93.08","297.79K","1.05%"
"2021-10-5","94.12","94.42","95.02","93.65","461.21K","-0.73%"
"2021-10-4","94.81","95.06","96.38","94.14","716.88K","-0.23%"
"2021-10-1","95.03","96.23","96.42","94.45","449.34K","-0.48%"
"2021-9-30","95.49","97.23","97.96","95.22","484.88K","-1.42%"
"2021-9-29","96.87","98.26","98.50","96.50","532.06K","-1.41%"
"2021-9-28","98.26","97.96","99.55","97.50","310.43K","-0.79%"
"2021-9-27","99.04","100.66","102.12","98.87","347.63K","-1.19%"
"2021-9-24","100.23","100.07","101.29","99.61","247.63K","-0.32%"
"2021-9-23","100.55","102.34","102.51","100.21","320.30K","-2.35%"
"2021-9-22","102.97","104.13","105.75","102.75","334.51K","-0.87%"
"2021-9-21","103.87","105.36","105.75","103.74","251.22K","-0.57%"
"2021-9-20","104.47","104.00","104.80","103.10","336.57K","-0.11%"
"2021-9-17","104.59","104.98","105.10","103.56","837.24K","-0.77%"
"2021-9-16","105.40","108.00","108.43","104.43","337.57K","-4.24%"
"2021-9-15","110.07","108.60","110.31","108.40","261.90K","0.72%"
"2021-9-14","109.28","110.46","110.96","108.99","202.75K","-0.32%"
"2021-9-13","109.63","109.26","111.00","108.47","285.52K","0.89%"
"2021-9-10","108.66","109.98","110.47","108.60","271.49K","-1.32%"
"2021-9-9","110.11","111.24","111.32","109.32","209.80K","-0.74%"
"2021-9-8","110.93","111.28","112.79","110.05","295.86K","0.39%"
"2021-9-7","110.50","111.61","112.21","110.28","266.39K","-2.10%"
"2021-9-3","112.87","112.35","113.66","111.91","229.52K","1.34%"
"2021-9-2","111.38","110.88","111.48","109.36","324.45K","0.63%"
"2021-9-1","110.68","111.54","111.99","109.56","273.07K","-0.58%"
"2021-8-31","111.33","110.97","111.78","110.61","265.95K","0.26%"
"2021-8-30","111.04","112.65","112.83","110.45","255.27K","-1.37%"
"2021-8-27","112.58","109.40","113.04","108.96","276.34K","3.02%"
"2021-8-26","109.28","109.25","110.67","108.65","295.39K","-0.46%"
"2021-8-25","109.79","110.40","110.81","108.76","189.67K","-1.34%"
"2021-8-24","111.28","112.59","113.21","111.06","208.15K","-0.73%"
"2021-8-23","112.10","110.61","112.65","109.50","287.89K","3.17%"
"2021-8-20","108.66","109.19","110.50","108.50","336.76K","-0.93%"
"2021-8-19","109.68","110.00","111.46","108.35","307.85K","-0.47%"
"2021-8-18","110.20","113.70","113.70","110.16","363.15K","-2.86%"
"2021-8-17","113.44","113.89","114.81","112.53","306.44K","-0.98%"
"2021-8-16","114.56","116.18","116.36","114.47","251.92K","-1.31%"
"2021-8-13","116.08","114.69","116.23","114.10","244.26K","1.96%"
"2021-8-12","113.85","115.13","116.26","111.24","456.77K","-0.95%"
"2021-8-11","114.94","114.30","115.87","114.07","335.70K","1.89%"
"2021-8-10","112.81","114.08","114.54","112.49","247.42K","-1.21%"
"2021-8-9","114.19","114.59","115.44","113.65","238.80K","-1.61%"
"2021-8-6","116.06","115.39","116.51","114.11","325.99K","-0.66%"
"2021-8-5","116.83","118.45","118.61","116.55","206.22K","-1.46%"
"2021-8-4","118.56","121.94","122.27","118.44","280.86K","-1.99%"
"2021-8-3","120.97","120.39","121.71","119.81","197.16K","0.57%"
"2021-8-2","120.29","121.47","121.47","119.60","161.73K","-1.01%"
"2021-7-30","121.52","120.96","122.61","120.71","225.91K","0.02%"
"2021-7-29","121.49","120.45","122.54","120.35","267.32K","2.36%"
"2021-7-28","118.69","117.39","118.81","116.93","282.97K","0.67%"
"2021-7-27","117.90","117.30","118.32","116.84","222.18K","0.55%"
"2021-7-26","117.26","116.64","118.06","116.55","277.68K","0.70%"
"2021-7-23","116.45","115.71","116.80","114.69","158.84K","0.38%"
"2021-7-22","116.01","115.86","117.00","114.51","180.70K","-0.27%"
"2021-7-21","116.32","114.46","116.96","114.46","272.87K","0.49%"
"2021-7-20","115.75","115.41","117.48","114.89","532.92K","0.97%"
"2021-7-19","114.64","114.45","115.51","113.39","326.33K","-0.68%"
"2021-7-16","115.42","117.58","117.99","115.02","335.21K","-2.26%"
"2021-7-15","118.09","116.63","118.54","115.98","313.72K","1.39%"
"2021-7-14","116.47","118.20","118.47","115.80","291.69K","0.30%"
"2021-7-13","116.12","116.59","117.86","115.98","296.42K","0.29%"
"2021-7-12","115.78","115.83","117.17","115.25","362.82K","-0.77%"
"2021-7-9","116.68","115.13","117.26","115.13","253.33K","1.56%"
"2021-7-8","114.89","119.37","119.37","114.51","579.41K","-3.29%"
"2021-7-7","118.80","117.42","119.56","115.69","619.82K","1.76%"
"2021-7-6","116.74","118.06","118.34","115.59","620.11K","-0.17%"
"2021-7-2","116.94","115.87","117.15","115.20","351.51K","2.10%"
"2021-7-1","114.53","115.09","115.32","113.69","427.89K","0.38%"
"2021-6-30","114.10","114.85","115.32","113.27","598.06K","0.07%"
"2021-6-29","114.02","111.52","114.22","111.36","588.46K","0.90%"
"2021-6-28","113.00","112.77","113.10","111.49","343.98K","0.53%"
"2021-6-25","112.40","112.68","113.36","111.19","1.56M","0.38%"
"2021-6-24","111.97","110.95","112.29","110.00","484.26K","1.62%"
"2021-6-23","110.18","111.81","112.07","109.97","343.23K","-0.65%"
"2021-6-22","110.90","109.55","112.02","109.55","424.22K","0.61%"
"2021-6-21","110.23","110.55","110.88","109.18","390.54K","0.84%"
"2021-6-18","109.31","112.26","113.20","109.01","1.15M","-2.46%"
"2021-6-17","112.07","115.68","115.70","110.71","751.82K","-5.89%"
"2021-6-16","119.08","120.90","122.81","118.75","406.88K","-1.60%"
"2021-6-15","121.02","123.57","123.80","120.50","396.92K","-1.70%"
"2021-6-14","123.11","121.17","123.67","120.92","357.74K","0.20%"
"2021-6-11","122.86","125.08","125.08","122.18","250.48K","-1.98%"
"2021-6-10","125.34","122.52","125.70","121.85","507.38K","3.05%"
"2021-6-9","121.63","121.88","122.52","121.62","307.27K","0.17%"
"2021-6-8","121.42","121.61","121.80","120.58","326.22K","-0.43%"
"2021-6-7","121.95","121.57","122.54","121.00","309.21K","-0.14%"
"2021-6-4","122.12","121.49","122.69","121.26","254.73K","1.50%"
"2021-6-3","120.31","120.65","122.00","119.37","377.31K","-2.94%"
"2021-6-2","123.95","124.33","124.95","123.46","265.47K","-0.01%"
"2021-6-1","123.96","124.77","125.19","122.51","322.41K","0.15%"
"2021-5-28","123.77","123.28","124.70","123.18","420.00K","-0.33%"
"2021-5-27","124.18","124.85","125.43","123.88","305.82K","-0.53%"
"2021-5-26","124.84","125.79","126.84","124.54","243.46K","-0.34%"
"2021-5-25","125.27","125.20","125.90","123.80","216.35K","-0.13%"
"2021-5-24","125.43","125.50","126.62","125.18","299.63K","0.08%"
"2021-5-21","125.33","126.32","126.89","124.22","672.65K","-0.56%"
"2021-5-20","126.03","124.70","126.58","123.51","327.74K","1.08%"
"2021-5-19","124.68","126.88","129.69","123.40","495.10K","-2.02%"
"2021-5-18","127.25","128.07","129.19","126.15","372.82K","-0.65%"
"2021-5-17","128.08","124.34","128.89","124.15","620.86K","3.99%"
"2021-5-14","123.16","123.50","123.86","122.14","328.48K","0.98%"
"2021-5-13","121.97","119.84","122.40","118.29","470.58K","1.78%"
"2021-5-12","119.84","120.53","121.08","119.12","393.39K","-0.27%"
"2021-5-11","120.16","117.15","120.40","116.41","305.96K","1.01%"
"2021-5-10","118.96","121.00","121.61","118.28","388.14K","-0.83%"
"2021-5-7","119.95","120.20","121.96","118.27","369.93K","0.32%"
"2021-5-6","119.57","115.55","120.00","115.46","462.20K","3.67%"
"2021-5-5","115.34","116.18","116.53","114.62","413.08K","-0.05%"
"2021-5-4","115.40","116.09","118.74","115.00","283.19K","-0.59%"
"2021-5-3","116.09","113.76","116.88","113.64","285.50K","3.78%"
"2021-4-30","111.86","113.25","114.52","111.46","462.87K","-1.87%"
"2021-4-29","113.99","115.34","115.81","112.28","260.44K","-1.60%"
"2021-4-28","115.84","114.50","116.31","113.74","251.44K","0.88%"
"2021-4-27","114.83","116.00","117.07","114.71","240.19K","-1.86%"
"2021-4-26","117.01","118.62","118.62","116.22","229.56K","-0.96%"
"2021-4-23","118.14","118.99","119.34","117.34","261.88K","0.02%"
"2021-4-22","118.12","117.98","118.56","116.93","229.26K","-0.57%"
"2021-4-21","118.80","118.53","119.90","118.10","336.67K","0.51%"
"2021-4-20","118.20","117.00","119.21","116.29","462.89K","0.87%"
"2021-4-19","117.18","117.68","118.01","116.45","286.29K","-0.38%"
"2021-4-16","117.63","117.00","117.87","116.19","346.18K","1.18%"
"2021-4-15","116.26","113.25","117.07","113.08","435.82K","3.26%"
"2021-4-14","112.59","112.63","113.67","112.08","339.58K","0.37%"
"2021-4-13","112.18","111.71","112.83","111.34","309.56K","1.24%"
"2021-4-12","110.81","110.50","111.82","110.17","227.44K","0.18%"
"2021-4-9","110.61","109.61","111.49","108.50","292.22K","-0.32%"
"2021-4-8","110.96","112.06","112.44","110.71","329.56K","0.43%"
"2021-4-7","110.49","111.97","112.10","110.06","273.14K","-1.32%"
"2021-4-6","111.97","112.27","113.23","111.69","463.31K","1.14%"
"2021-4-5","110.71","111.44","112.67","110.10","413.13K","-0.66%"
"2021-4-1","111.45","108.00","112.07","107.74","515.84K","3.56%"
"2021-3-31","107.62","105.98","108.24","105.61","668.31K","1.91%"
"2021-3-30","105.60","105.64","107.21","105.17","398.95K","-2.03%"
"2021-3-29","107.79","105.00","107.90","104.06","503.24K","1.75%"
"2021-3-26","105.94","103.37","106.34","102.95","484.01K","2.50%"
"2021-3-25","103.36","103.44","104.10","102.55","379.82K","-0.31%"
"2021-3-24","103.68","105.11","105.79","103.60","429.99K","-0.98%"
"2021-3-23","104.71","106.06","106.06","103.92","494.35K","-1.96%"
"2021-3-22","106.80","105.57","108.82","104.50","764.01K","0.94%"
"2021-3-19","105.81","106.26","107.00","104.60","1.60M","0.05%"
"2021-3-18","105.76","108.07","108.10","105.25","412.27K","-3.29%"
"2021-3-17","109.36","105.98","110.18","105.70","397.05K","3.12%"
"2021-3-16","106.05","108.10","108.14","105.97","556.70K","-1.88%"
"2021-3-15","108.08","110.00","110.11","106.13","741.97K","-1.32%"
"2021-3-12","109.53","107.58","109.79","107.13","333.87K","0.36%"
"2021-3-11","109.14","108.00","109.49","107.18","484.98K","1.59%"
"2021-3-10","107.43","106.69","107.92","104.60","374.94K","1.15%"
"2021-3-9","106.21","106.83","108.70","105.11","459.72K","2.12%"
"2021-3-8","104.00","104.38","104.97","102.62","340.63K","-0.71%"
"2021-3-5","104.74","103.46","104.86","101.86","333.28K","0.92%"
"2021-3-4","103.79","103.95","106.54","102.23","503.53K","0.19%"
"2021-3-3","103.59","103.45","104.68","101.79","489.97K","-2.55%"
"2021-3-2","106.30","103.98","106.96","103.42","460.69K","2.51%"
"2021-3-1","103.70","105.37","105.90","103.04","507.56K","-0.01%"
"2021-2-26","103.71","105.00","105.48","102.83","711.40K","-2.22%"
"2021-2-25","106.06","106.60","109.04","105.28","383.02K","-1.42%"
"2021-2-24","107.59","105.97","108.60","105.73","435.01K","0.64%"
"2021-2-23","106.91","109.08","109.22","105.88","534.00K","-3.09%"
"2021-2-22","110.32","109.06","111.27","108.61","649.61K","2.32%"
"2021-2-19","107.82","108.58","108.95","106.78","958.34K","-0.37%"
"2021-2-18","108.22","107.18","108.79","106.32","454.35K","0.92%"
"2021-2-17","107.23","107.80","108.00","105.36","736.37K","-1.20%"
"2021-2-16","108.53","110.67","111.15","108.24","614.67K","-2.25%"
"2021-2-12","111.03","110.39","111.74","109.15","673.11K","0.49%"
"2021-2-11","110.49","110.17","111.45","109.21","654.58K","0.22%"
"2021-2-10","110.25","109.56","110.40","108.01","477.96K","1.08%"
"2021-2-9","109.07","109.94","110.25","107.91","351.05K","-0.27%"
"2021-2-8","109.36","106.53","110.24","105.71","577.31K","3.47%"
"2021-2-5","105.69","104.79","106.18","103.72","343.74K","1.50%"
"2021-2-4","104.13","106.20","106.20","102.44","456.64K","-1.50%"
"2021-2-3","105.72","105.89","106.28","104.57","312.26K","-0.02%"
"2021-2-2","105.74","105.46","106.43","105.00","355.04K","-1.66%"
"2021-2-1","107.53","109.27","110.96","106.18","357.80K","0.61%"
"2021-1-29","106.88","106.51","110.69","106.39","791.92K","2.47%"
"2021-1-28","104.30","103.86","106.90","103.13","583.45K","2.10%"
"2021-1-27","102.15","103.54","104.00","99.32","475.82K","-1.99%"
"2021-1-26","104.22","104.75","105.63","104.01","227.32K","-0.50%"
"2021-1-25","104.74","105.43","106.16","103.01","410.40K","-0.19%"
"2021-1-22","104.94","104.00","106.28","103.43","202.25K","-0.52%"
"2021-1-21","105.49","107.45","107.90","105.10","305.51K","-2.24%"
"2021-1-20","107.91","107.10","108.67","106.22","453.92K","1.94%"
"2021-1-19","105.86","104.93","106.46","103.94","710.08K","1.64%"
"2021-1-15","104.15","105.02","105.15","102.94","596.66K","-1.19%"
"2021-1-14","105.40","106.59","107.43","105.21","556.08K","-0.17%"
"2021-1-13","105.58","107.52","108.00","105.36","446.92K","-1.85%"
"2021-1-12","107.57","106.08","107.92","105.24","626.81K","1.40%"
"2021-1-11","106.08","105.63","107.07","104.64","354.13K","0.45%"
"2021-1-8","105.60","107.30","107.32","103.76","577.17K","-3.49%"
"2021-1-7","109.42","109.13","109.84","108.00","424.09K","-1.47%"
"2021-1-6","111.05","110.31","112.42","108.54","560.59K","0.37%"
"2021-1-5","110.64","110.99","111.14","108.49","435.77K","0.33%"
"2021-1-4","110.28","109.93","111.39","108.19","519.07K","3.69%"